system:time_start,B1,B11,B12,B2,B3,B4,B5,B6,B7,B8,B8A,B9
"Jan 5, 2018",0.079,0.051,0.039,0.075,0.086,0.085,0.108,0.114,0.118,0.125,0.121,0.132
"Jan 10, 2018",,,,,,,,,,,,
"Jan 15, 2018",0.118,0.013,0.01,0.176,0.25,0.138,0.135,0.042,0.043,0.044,0.031,0.034
"Jan 25, 2018",0.115,0.014,0.011,0.178,0.256,0.142,0.132,0.04,0.041,0.043,0.028,0.026
"Jan 30, 2018",0.115,0.02,0.015,0.142,0.201,0.134,0.136,0.06,0.062,0.065,0.049,0.046
"Feb 4, 2018",,,,,,,,,,,,
"Feb 9, 2018",,,,,,,,,,,,
"Feb 14, 2018",,,,,,,,,,,,
"Feb 19, 2018",0.14,0.029,0.026,0.14,0.205,0.142,0.165,0.04,0.042,0.042,0.029,0.052
"Feb 24, 2018",,,,,,,,,,,,
"Mar 1, 2018",,,,,,,,,,,,
"Mar 6, 2018",,,,,,,,,,,,
"Mar 11, 2018",,,,,,,,,,,,
"Mar 16, 2018",0.11,0.024,0.019,0.164,0.256,0.153,0.137,0.037,0.04,0.034,0.027,0.016
"Mar 21, 2018",0.115,0.044,0.04,0.149,0.206,0.125,0.109,0.054,0.053,0.057,0.048,0.042
"Mar 26, 2018",,,,,,,,,,,,
"Mar 31, 2018",,,,,,,,,,,,
"Apr 5, 2018",0.102,0.052,0.044,0.139,0.182,0.12,0.111,0.061,0.063,0.067,0.058,0.065
"Apr 10, 2018",,,,,,,,,,,,
"Apr 15, 2018",,,,,,,,,,,,
"Apr 20, 2018",0.1,0.055,0.048,0.123,0.172,0.121,0.118,0.066,0.066,0.07,0.06,0.071
"Apr 25, 2018",0.088,0.064,0.057,0.121,0.153,0.116,0.119,0.071,0.072,0.074,0.064,0.069
"Apr 30, 2018",0.091,0.072,0.065,0.111,0.136,0.112,0.112,0.076,0.075,0.079,0.071,0.083
"May 5, 2018",0.089,0.067,0.058,0.126,0.159,0.111,0.109,0.07,0.071,0.075,0.065,0.068
"May 10, 2018",0.086,0.073,0.065,0.107,0.135,0.108,0.113,0.079,0.079,0.08,0.074,0.074
"May 15, 2018",,,,,,,,,,,,
"May 20, 2018",0.098,0.079,0.071,0.104,0.119,0.103,0.109,0.081,0.079,0.078,0.079,0.096
"May 25, 2018",0.083,0.078,0.071,0.106,0.128,0.104,0.111,0.081,0.082,0.079,0.077,0.08
"May 30, 2018",,,,,,,,,,,,
"Jun 4, 2018",0.08,0.087,0.078,0.094,0.109,0.099,0.111,0.085,0.088,0.085,0.084,0.089
"Jun 9, 2018",0.079,0.085,0.076,0.09,0.108,0.101,0.112,0.089,0.09,0.085,0.086,0.079
"Jun 14, 2018",,,,,,,,,,,,
"Jun 19, 2018",0.088,0.06,0.047,0.084,0.126,0.11,0.155,0.084,0.092,0.08,0.074,0.118
"Jun 24, 2018",0.078,0.086,0.078,0.094,0.106,0.099,0.108,0.088,0.09,0.086,0.085,0.086
"Jun 29, 2018",0.084,0.086,0.078,0.092,0.106,0.097,0.106,0.089,0.09,0.084,0.088,0.093
"Jul 4, 2018",,,,,,,,,,,,
"Jul 9, 2018",0.086,0.083,0.075,0.091,0.106,0.098,0.11,0.09,0.09,0.083,0.087,0.094
"Jul 14, 2018",0.079,0.089,0.08,0.094,0.105,0.098,0.105,0.088,0.09,0.086,0.086,0.096
"Jul 19, 2018",0.097,0.084,0.075,0.105,0.114,0.105,0.111,0.08,0.078,0.076,0.075,0.175
"Jul 24, 2018",0.084,0.083,0.076,0.1,0.113,0.1,0.111,0.084,0.086,0.083,0.08,0.083
"Aug 3, 2018",,,,,,,,,,,,
"Aug 8, 2018",0.091,0.086,0.077,0.092,0.094,0.096,0.106,0.091,0.091,0.087,0.088,0.085
"Aug 13, 2018",0.143,0.065,0.059,0.131,0.107,0.097,0.116,0.076,0.08,0.063,0.064,0.097
"Aug 18, 2018",,,,,,,,,,,,
"Aug 23, 2018",0.094,0.082,0.072,0.103,0.099,0.097,0.111,0.088,0.091,0.083,0.081,0.083
"Aug 28, 2018",0.112,0.062,0.057,0.092,0.093,0.09,0.111,0.097,0.099,0.09,0.097,0.414
"Sep 2, 2018",,,,,,,,,,,,
"Sep 7, 2018",0.144,0.064,0.056,0.121,0.119,0.102,0.116,0.072,0.072,0.069,0.065,0.068
"Sep 12, 2018",0.156,0.059,0.05,0.13,0.109,0.106,0.146,0.063,0.074,0.055,0.053,0.063
"Sep 17, 2018",0.203,0.046,0.045,0.145,0.131,0.097,0.128,0.057,0.057,0.048,0.042,0.015
"Sep 22, 2018",0.19,0.037,0.029,0.161,0.133,0.099,0.125,0.061,0.068,0.049,0.048,0.022
"Sep 27, 2018",0.116,0.068,0.062,0.111,0.132,0.102,0.116,0.075,0.076,0.072,0.069,0.066
"Oct 2, 2018",0.139,0.058,0.049,0.128,0.129,0.103,0.148,0.064,0.075,0.057,0.051,0.017
"Oct 7, 2018",0.152,0.056,0.052,0.119,0.144,0.109,0.122,0.062,0.065,0.062,0.057,0.036
"Oct 12, 2018",0.116,0.045,0.04,0.136,0.16,0.135,0.152,0.052,0.061,0.06,0.043,0.023
"Oct 17, 2018",0.159,0.063,0.056,0.114,0.111,0.1,0.133,0.067,0.071,0.064,0.062,0.067
"Oct 22, 2018",0.079,0.069,0.061,0.087,0.094,0.102,0.119,0.093,0.099,0.103,0.095,0.212
"Oct 27, 2018",0.138,0.05,0.048,0.107,0.145,0.122,0.158,0.056,0.061,0.065,0.049,0.029
"Nov 1, 2018",,,,,,,,,,,,
"Nov 6, 2018",,,,,,,,,,,,
"Nov 11, 2018",0.125,0.053,0.049,0.119,0.117,0.1,0.118,0.081,0.083,0.082,0.073,0.189
"Nov 16, 2018",0.118,0.038,0.037,0.096,0.162,0.15,0.177,0.052,0.059,0.065,0.046,0.031
"Nov 21, 2018",0.106,0.061,0.056,0.119,0.126,0.127,0.146,0.061,0.068,0.073,0.056,0.063
"Nov 26, 2018",,,,,,,,,,,,
"Dec 1, 2018",,,,,,,,,,,,
"Dec 6, 2018",0.14,0.028,0.034,0.1,0.16,0.174,0.201,0.038,0.044,0.05,0.031,0.022
"Dec 11, 2018",,,,,,,,,,,,
"Dec 16, 2018",0.177,0.034,0.036,0.122,0.137,0.147,0.173,0.044,0.048,0.047,0.036,0.014
"Dec 26, 2018",0.037,0.05,0.061,0.043,0.074,0.087,0.13,0.125,0.133,0.131,0.128,0.165
"Dec 31, 2018",,,,,,,,,,,,
"Jan 5, 2019",0.176,0.027,0.027,0.132,0.14,0.124,0.148,0.058,0.061,0.062,0.044,0.029
"Jan 10, 2019",0.082,0.044,0.037,0.101,0.113,0.141,0.178,0.072,0.08,0.089,0.063,0.054
"Jan 15, 2019",,,,,,,,,,,,
"Jan 20, 2019",0.11,0.036,0.025,0.099,0.093,0.078,0.107,0.11,0.115,0.118,0.11,0.09
"Jan 25, 2019",0.101,0.031,0.03,0.101,0.183,0.165,0.184,0.05,0.053,0.06,0.041,0.024
"Jan 30, 2019",0.059,0.069,0.064,0.099,0.125,0.126,0.145,0.077,0.081,0.087,0.068,0.059
"Feb 4, 2019",,,,,,,,,,,,
"Feb 9, 2019",0.12,0.06,0.054,0.105,0.125,0.112,0.142,0.074,0.075,0.071,0.062,0.181
"Feb 14, 2019",,,,,,,,,,,,
"Feb 19, 2019",,,,,,,,,,,,
"Feb 24, 2019",0.114,0.053,0.049,0.118,0.164,0.117,0.116,0.067,0.068,0.067,0.066,0.091
"Mar 1, 2019",,,,,,,,,,,,
"Mar 6, 2019",0.096,0.036,0.031,0.104,0.173,0.146,0.159,0.064,0.066,0.072,0.053,0.052
"Mar 11, 2019",,,,,,,,,,,,
"Mar 16, 2019",,,,,,,,,,,,
"Mar 21, 2019",0.094,0.046,0.041,0.124,0.186,0.145,0.15,0.054,0.057,0.059,0.044,0.048
"Mar 26, 2019",0.117,0.052,0.048,0.122,0.17,0.128,0.122,0.062,0.06,0.064,0.055,0.058
"Mar 31, 2019",,,,,,,,,,,,
"Apr 5, 2019",,,,,,,,,,,,
"Apr 10, 2019",0.092,0.066,0.058,0.12,0.159,0.117,0.117,0.067,0.07,0.07,0.064,0.064
"Apr 15, 2019",0.09,0.065,0.059,0.105,0.139,0.116,0.122,0.077,0.077,0.082,0.069,0.07
"Apr 20, 2019",0.097,0.062,0.055,0.118,0.145,0.117,0.126,0.072,0.072,0.073,0.063,0.07
"Apr 25, 2019",,,,,,,,,,,,
"Apr 30, 2019",0.078,0.081,0.072,0.097,0.115,0.105,0.112,0.085,0.086,0.087,0.081,0.073
"May 5, 2019",,,,,,,,,,,,
"May 10, 2019",0.078,0.09,0.081,0.098,0.119,0.098,0.106,0.082,0.084,0.081,0.081,0.13
"May 15, 2019",0.091,0.075,0.066,0.096,0.154,0.11,0.122,0.069,0.071,0.079,0.067,0.081
"May 25, 2019",0.08,0.086,0.075,0.094,0.109,0.099,0.105,0.088,0.088,0.09,0.085,0.083
"May 30, 2019",0.082,0.085,0.077,0.1,0.114,0.098,0.102,0.085,0.087,0.087,0.084,0.078
"Jun 4, 2019",0.077,0.095,0.083,0.088,0.104,0.094,0.1,0.089,0.09,0.089,0.09,0.091
"Jun 9, 2019",,,,,,,,,,,,
"Jun 14, 2019",0.093,0.084,0.076,0.098,0.105,0.098,0.102,0.086,0.086,0.087,0.084,0.106
"Jun 19, 2019",,,,,,,,,,,,
"Jun 24, 2019",0.091,0.095,0.07,0.075,0.087,0.085,0.113,0.09,0.103,0.094,0.098,0.189
"Jun 29, 2019",,,,,,,,,,,,
"Jul 4, 2019",0.082,0.09,0.082,0.09,0.105,0.096,0.103,0.089,0.09,0.084,0.089,0.09
"Jul 9, 2019",,,,,,,,,,,,
"Jul 14, 2019",0.089,0.087,0.077,0.096,0.107,0.097,0.101,0.088,0.088,0.082,0.087,0.1
"Jul 19, 2019",,,,,,,,,,,,
"Jul 24, 2019",0.122,0.055,0.048,0.105,0.15,0.12,0.168,0.064,0.07,0.051,0.048,0.128
"Jul 29, 2019",0.085,0.082,0.072,0.106,0.121,0.101,0.105,0.082,0.083,0.085,0.078,0.08
"Aug 3, 2019",0.106,0.073,0.065,0.113,0.14,0.102,0.107,0.076,0.075,0.073,0.071,0.07
"Aug 8, 2019",0.088,0.08,0.071,0.104,0.119,0.101,0.111,0.083,0.086,0.078,0.079,0.064
"Aug 13, 2019",0.108,0.071,0.058,0.108,0.118,0.095,0.101,0.089,0.089,0.08,0.084,0.096
"Aug 18, 2019",,,,,,,,,,,,
"Aug 23, 2019",,,,,,,,,,,,
"Aug 28, 2019",0.089,0.084,0.075,0.099,0.102,0.101,0.115,0.084,0.088,0.082,0.081,0.076
"Sep 2, 2019",0.112,0.069,0.059,0.092,0.11,0.112,0.153,0.075,0.081,0.071,0.066,0.105
"Sep 7, 2019",0.127,0.053,0.044,0.127,0.127,0.109,0.127,0.074,0.079,0.071,0.061,0.065
"Sep 12, 2019",0.127,0.077,0.07,0.103,0.116,0.102,0.11,0.075,0.076,0.073,0.069,0.05
"Sep 17, 2019",0.136,0.042,0.034,0.142,0.165,0.119,0.131,0.059,0.066,0.057,0.049,0.036
"Sep 22, 2019",0.128,0.056,0.048,0.127,0.168,0.111,0.118,0.061,0.063,0.063,0.056,0.068
"Sep 27, 2019",0.147,0.037,0.032,0.178,0.224,0.107,0.11,0.045,0.052,0.034,0.034,0.017
"Oct 2, 2019",0.15,0.031,0.026,0.155,0.218,0.116,0.121,0.048,0.051,0.044,0.04,0.026
"Oct 7, 2019",0.111,0.067,0.062,0.135,0.153,0.101,0.103,0.066,0.068,0.069,0.064,0.282
"Oct 12, 2019",0.112,0.07,0.068,0.116,0.144,0.105,0.118,0.064,0.067,0.07,0.067,0.233
"Oct 17, 2019",,,,,,,,,,,,
"Oct 22, 2019",,,,,,,,,,,,
"Oct 27, 2019",0.153,0.026,0.022,0.203,0.255,0.109,0.104,0.032,0.038,0.032,0.026,0.015
"Nov 1, 2019",0.121,0.034,0.032,0.141,0.2,0.121,0.125,0.056,0.059,0.064,0.048,0.038
"Nov 6, 2019",0.141,0.028,0.021,0.174,0.218,0.118,0.121,0.049,0.053,0.041,0.037,0.013
"Nov 11, 2019",0.11,0.065,0.062,0.108,0.124,0.101,0.109,0.079,0.079,0.083,0.079,0.22
"Nov 16, 2019",0.116,0.025,0.021,0.161,0.217,0.124,0.137,0.052,0.056,0.052,0.039,0.028
"Nov 21, 2019",0.156,0.015,0.016,0.19,0.288,0.135,0.115,0.02,0.023,0.024,0.017,0.01
"Nov 26, 2019",0.123,0.056,0.052,0.15,0.176,0.107,0.104,0.059,0.061,0.058,0.054,0.183
"Dec 1, 2019",0.183,0.028,0.026,0.172,0.205,0.111,0.104,0.042,0.046,0.042,0.04,0.02
"Dec 6, 2019",,,,,,,,,,,,
"Dec 11, 2019",,,,,,,,,,,,
"Dec 16, 2019",0.136,0.024,0.022,0.181,0.227,0.125,0.124,0.042,0.046,0.042,0.032,0.045
"Dec 21, 2019",,,,,,,,,,,,
"Dec 26, 2019",,,,,,,,,,,,
"Dec 31, 2019",0.119,0.012,0.013,0.168,0.286,0.159,0.143,0.024,0.027,0.031,0.018,0.012
"Jan 5, 2020",0.098,0.011,0.009,0.167,0.271,0.163,0.152,0.032,0.036,0.038,0.023,0.026
"Jan 10, 2020",,,,,,,,,,,,
"Jan 15, 2020",0.114,0.035,0.03,0.175,0.247,0.133,0.126,0.035,0.041,0.033,0.03,0.034
"Jan 20, 2020",0.104,0.024,0.023,0.137,0.23,0.156,0.147,0.046,0.047,0.05,0.037,0.017
"Jan 25, 2020",0.108,0.011,0.009,0.177,0.273,0.155,0.144,0.03,0.035,0.035,0.022,0.02
"Jan 30, 2020",0.116,0.047,0.044,0.132,0.168,0.122,0.117,0.064,0.063,0.07,0.057,0.112
"Feb 4, 2020",,,,,,,,,,,,
"Feb 9, 2020",0.125,0.016,0.015,0.161,0.245,0.144,0.141,0.04,0.043,0.042,0.029,0.027
"Feb 14, 2020",0.106,0.026,0.023,0.158,0.239,0.156,0.146,0.038,0.043,0.039,0.027,0.017
"Feb 19, 2020",0.136,0.034,0.029,0.13,0.175,0.128,0.13,0.063,0.065,0.056,0.053,0.068
"Feb 24, 2020",,,,,,,,,,,,
"Feb 29, 2020",0.107,0.026,0.024,0.13,0.226,0.164,0.156,0.044,0.045,0.047,0.033,0.03
"Mar 5, 2020",,,,,,,,,,,,
"Mar 10, 2020",0.072,0.078,0.068,0.072,0.1,0.1,0.125,0.097,0.102,0.093,0.093,0.148
"Mar 15, 2020",,,,,,,,,,,,
"Mar 20, 2020",0.092,0.058,0.05,0.098,0.133,0.121,0.15,0.077,0.08,0.076,0.063,0.061
"Mar 25, 2020",,,,,,,,,,,,
"Mar 30, 2020",0.09,0.044,0.035,0.101,0.154,0.141,0.16,0.068,0.073,0.083,0.049,0.12
"Apr 4, 2020",0.114,0.043,0.037,0.129,0.168,0.127,0.127,0.066,0.068,0.065,0.057,0.075
"Apr 9, 2020",0.122,0.048,0.04,0.136,0.177,0.113,0.109,0.067,0.065,0.063,0.06,0.058
"Apr 14, 2020",,,,,,,,,,,,
"Apr 19, 2020",,,,,,,,,,,,
"Apr 24, 2020",0.104,0.066,0.055,0.118,0.132,0.099,0.101,0.081,0.083,0.082,0.078,0.099
"Apr 29, 2020",,,,,,,,,,,,
"May 4, 2020",0.093,0.057,0.049,0.128,0.172,0.121,0.123,0.065,0.067,0.068,0.057,0.052
"May 9, 2020",0.088,0.078,0.069,0.101,0.121,0.103,0.104,0.084,0.084,0.088,0.082,0.071
"May 14, 2020",0.087,0.081,0.074,0.104,0.119,0.099,0.1,0.084,0.085,0.084,0.083,0.08
"May 19, 2020",0.082,0.081,0.072,0.098,0.117,0.102,0.107,0.085,0.085,0.089,0.082,0.085
"May 24, 2020",0.081,0.086,0.078,0.099,0.114,0.099,0.102,0.085,0.087,0.083,0.085,0.069
"May 29, 2020",0.091,0.081,0.074,0.093,0.101,0.091,0.1,0.092,0.092,0.092,0.092,0.263
"Jun 3, 2020",,,,,,,,,,,,
"Jun 8, 2020",0.094,0.081,0.073,0.102,0.115,0.098,0.101,0.086,0.086,0.08,0.084,0.08
"Jun 13, 2020",0.076,0.069,0.06,0.109,0.13,0.114,0.127,0.08,0.084,0.083,0.068,0.092
"Jun 18, 2020",0.09,0.081,0.072,0.099,0.112,0.099,0.104,0.087,0.086,0.086,0.084,0.105
"Jun 23, 2020",,,,,,,,,,,,
"Jun 28, 2020",,,,,,,,,,,,
"Jul 3, 2020",0.083,0.086,0.077,0.103,0.116,0.098,0.102,0.084,0.086,0.082,0.083,0.088
"Jul 8, 2020",0.087,0.084,0.076,0.1,0.114,0.097,0.103,0.086,0.086,0.081,0.084,0.082
"Jul 13, 2020",0.09,0.072,0.063,0.114,0.122,0.099,0.104,0.083,0.084,0.09,0.079,0.223
"Jul 18, 2020",,,,,,,,,,,,
"Jul 23, 2020",0.089,0.084,0.074,0.105,0.117,0.098,0.098,0.084,0.087,0.08,0.084,0.057
"Jul 28, 2020",,,,,,,,,,,,
"Aug 2, 2020",0.082,0.082,0.072,0.1,0.12,0.103,0.11,0.083,0.085,0.082,0.081,0.09
"Aug 7, 2020",0.095,0.076,0.069,0.107,0.132,0.103,0.11,0.079,0.079,0.076,0.074,0.083
"Aug 12, 2020",,,,,,,,,,,,
"Aug 17, 2020",0.123,0.058,0.051,0.123,0.159,0.11,0.116,0.069,0.068,0.065,0.059,0.071
"Aug 22, 2020",0.093,0.055,0.042,0.116,0.14,0.109,0.143,0.074,0.086,0.073,0.069,0.069
"Aug 27, 2020",0.101,0.078,0.068,0.101,0.116,0.098,0.105,0.084,0.085,0.082,0.083,0.207
"Sep 1, 2020",0.105,0.074,0.06,0.111,0.12,0.103,0.116,0.078,0.083,0.074,0.075,0.069
"Sep 6, 2020",,,,,,,,,,,,
"Sep 11, 2020",0.125,0.062,0.052,0.121,0.115,0.109,0.14,0.072,0.081,0.066,0.059,0.062
"Sep 16, 2020",,,,,,,,,,,,
"Sep 21, 2020",,,,,,,,,,,,
"Sep 26, 2020",0.181,0.046,0.037,0.134,0.108,0.088,0.099,0.082,0.083,0.07,0.072,0.043
"Oct 1, 2020",0.141,0.07,0.061,0.132,0.095,0.095,0.115,0.07,0.079,0.077,0.067,0.053
"Oct 6, 2020",,,,,,,,,,,,
"Oct 11, 2020",0.151,0.046,0.038,0.158,0.181,0.114,0.122,0.049,0.054,0.044,0.042,0.013
"Oct 16, 2020",0.161,0.049,0.044,0.121,0.118,0.108,0.125,0.071,0.071,0.068,0.063,0.068
"Oct 21, 2020",,,,,,,,,,,,
"Oct 26, 2020",0.151,0.039,0.028,0.124,0.148,0.121,0.151,0.062,0.064,0.059,0.054,0.082
"Oct 31, 2020",0.148,0.028,0.025,0.16,0.198,0.138,0.168,0.032,0.042,0.037,0.024,0.016
"Nov 5, 2020",0.098,0.044,0.04,0.091,0.134,0.117,0.161,0.082,0.088,0.08,0.066,0.078
"Nov 10, 2020",,,,,,,,,,,,
"Nov 15, 2020",0.16,0.028,0.027,0.149,0.217,0.133,0.138,0.039,0.043,0.036,0.03,0.014
"Nov 20, 2020",0.121,0.017,0.015,0.18,0.267,0.144,0.15,0.026,0.034,0.029,0.018,0.012
"Nov 25, 2020",0.127,0.046,0.042,0.139,0.211,0.126,0.119,0.048,0.051,0.047,0.044,0.018
"Nov 30, 2020",0.127,0.019,0.017,0.181,0.24,0.134,0.14,0.039,0.043,0.037,0.024,0.018
"Dec 5, 2020",0.13,0.018,0.017,0.157,0.245,0.139,0.143,0.038,0.041,0.044,0.029,0.02
"Dec 10, 2020",0.123,0.011,0.01,0.179,0.275,0.155,0.147,0.026,0.03,0.029,0.015,0.013
"Dec 15, 2020",0.142,0.014,0.013,0.158,0.235,0.138,0.14,0.041,0.044,0.043,0.031,0.024
"Dec 20, 2020",,,,,,,,,,,,
"Dec 25, 2020",0.125,0.019,0.018,0.158,0.25,0.142,0.14,0.037,0.039,0.044,0.028,0.023
"Dec 30, 2020",0.139,0.034,0.033,0.153,0.196,0.133,0.156,0.043,0.046,0.04,0.027,0.048
"Jan 4, 2021",0.11,0.014,0.016,0.13,0.261,0.182,0.174,0.027,0.031,0.035,0.019,0.02
"Jan 9, 2021",0.243,0.031,0.032,0.188,0.138,0.086,0.075,0.058,0.057,0.051,0.041,0.042
"Jan 14, 2021",0.102,0.033,0.03,0.104,0.17,0.153,0.161,0.064,0.066,0.067,0.051,0.034
"Jan 19, 2021",0.111,0.014,0.014,0.153,0.241,0.194,0.179,0.025,0.03,0.027,0.013,0.011
"Jan 24, 2021",,,,,,,,,,,,
"Jan 29, 2021",0.092,0.014,0.012,0.141,0.238,0.171,0.167,0.041,0.046,0.048,0.03,0.039
"Feb 3, 2021",0.102,0.019,0.019,0.134,0.256,0.182,0.161,0.032,0.034,0.038,0.023,0.013
"Feb 8, 2021",0.121,0.022,0.02,0.148,0.215,0.16,0.153,0.044,0.047,0.042,0.029,0.017
"Feb 13, 2021",,,,,,,,,,,,
"Feb 18, 2021",,,,,,,,,,,,
"Feb 23, 2021",0.116,0.039,0.039,0.091,0.146,0.192,0.197,0.042,0.047,0.055,0.036,0.022
"Feb 28, 2021",,,,,,,,,,,,
"Mar 5, 2021",0.105,0.06,0.054,0.102,0.124,0.119,0.123,0.078,0.078,0.085,0.073,0.104
"Mar 10, 2021",0.081,0.048,0.042,0.121,0.19,0.148,0.152,0.054,0.057,0.06,0.045,0.04
"Mar 15, 2021",,,,,,,,,,,,
"Mar 20, 2021",,,,,,,,,,,,
"Mar 25, 2021",,,,,,,,,,,,
"Mar 30, 2021",,,,,,,,,,,,
"Apr 4, 2021",0.096,0.057,0.051,0.117,0.169,0.126,0.12,0.067,0.066,0.07,0.06,0.059
"Apr 9, 2021",,,,,,,,,,,,
"Apr 14, 2021",0.108,0.072,0.066,0.108,0.12,0.101,0.102,0.081,0.081,0.082,0.079,0.144
"Apr 19, 2021",0.084,0.079,0.07,0.098,0.11,0.109,0.116,0.084,0.085,0.086,0.079,0.08
"Apr 24, 2021",,,,,,,,,,,,
"Apr 29, 2021",0.088,0.081,0.07,0.097,0.107,0.104,0.111,0.085,0.087,0.086,0.084,0.088
"May 4, 2021",0.085,0.083,0.074,0.096,0.114,0.101,0.107,0.086,0.086,0.083,0.084,0.085
"May 9, 2021",0.08,0.084,0.076,0.094,0.108,0.103,0.109,0.087,0.088,0.087,0.084,0.084
"May 14, 2021",0.081,0.083,0.074,0.092,0.106,0.103,0.107,0.089,0.088,0.092,0.085,0.08
"May 19, 2021",0.086,0.084,0.077,0.098,0.112,0.099,0.103,0.086,0.087,0.084,0.084,0.081
"May 24, 2021",0.083,0.079,0.07,0.1,0.12,0.104,0.108,0.084,0.083,0.088,0.08,0.082
"May 29, 2021",0.083,0.085,0.077,0.1,0.111,0.098,0.1,0.087,0.088,0.087,0.085,0.096
"Jun 3, 2021",0.088,0.078,0.07,0.1,0.118,0.101,0.106,0.086,0.085,0.085,0.083,0.115
"Jun 8, 2021",,,,,,,,,,,,
"Jun 13, 2021",0.1,0.081,0.072,0.108,0.115,0.101,0.105,0.081,0.08,0.079,0.079,0.162
"Jun 18, 2021",,,,,,,,,,,,
"Jun 23, 2021",,,,,,,,,,,,
"Jun 28, 2021",,,,,,,,,,,,
"Jul 3, 2021",,,,,,,,,,,,
"Jul 8, 2021",,,,,,,,,,,,
"Jul 13, 2021",,,,,,,,,,,,
"Jul 18, 2021",,,,,,,,,,,,
"Jul 23, 2021",,,,,,,,,,,,
"Jul 28, 2021",,,,,,,,,,,,
"Aug 2, 2021",0.137,0.071,0.064,0.117,0.112,0.103,0.116,0.076,0.074,0.065,0.066,0.071
"Aug 7, 2021",0.097,0.081,0.07,0.105,0.106,0.099,0.11,0.085,0.087,0.083,0.079,0.085
"Aug 12, 2021",0.148,0.062,0.057,0.115,0.12,0.106,0.125,0.072,0.071,0.064,0.06,0.092
"Aug 17, 2021",0.087,0.079,0.069,0.107,0.122,0.107,0.119,0.078,0.082,0.078,0.073,0.073
"Aug 22, 2021",,,,,,,,,,,,
"Aug 27, 2021",,,,,,,,,,,,
"Sep 1, 2021",,,,,,,,,,,,
"Sep 6, 2021",,,,,,,,,,,,
"Sep 11, 2021",0.157,0.059,0.054,0.115,0.095,0.095,0.129,0.081,0.083,0.072,0.06,0.061
"Sep 16, 2021",,,,,,,,,,,,
"Sep 21, 2021",0.226,0.05,0.043,0.14,0.098,0.089,0.114,0.065,0.069,0.052,0.054,0.023
"Sep 26, 2021",0.165,0.041,0.032,0.147,0.107,0.099,0.13,0.074,0.081,0.069,0.056,0.078
"Oct 1, 2021",,,,,,,,,,,,
"Oct 6, 2021",,,,,,,,,,,,
"Oct 11, 2021",0.158,0.066,0.064,0.109,0.093,0.094,0.117,0.074,0.079,0.076,0.07,0.148
"Oct 16, 2021",0.17,0.042,0.032,0.146,0.139,0.115,0.166,0.05,0.061,0.039,0.039,0.036
"Oct 21, 2021",,,,,,,,,,,,
"Oct 26, 2021",0.128,0.045,0.039,0.141,0.158,0.132,0.176,0.038,0.054,0.055,0.036,0.016
"Oct 31, 2021",0.17,0.037,0.033,0.125,0.167,0.133,0.162,0.043,0.048,0.049,0.034,0.019
"Nov 5, 2021",,,,,,,,,,,,
"Nov 10, 2021",0.131,0.057,0.054,0.114,0.118,0.1,0.115,0.079,0.079,0.08,0.073,0.178
"Nov 15, 2021",0.129,0.028,0.025,0.157,0.228,0.153,0.15,0.03,0.038,0.034,0.026,0.011
"Nov 20, 2021",0.12,0.036,0.033,0.122,0.199,0.146,0.156,0.05,0.053,0.047,0.039,0.016
"Nov 25, 2021",0.147,0.035,0.032,0.162,0.188,0.118,0.121,0.05,0.056,0.048,0.042,0.017
"Nov 30, 2021",0.129,0.017,0.021,0.149,0.3,0.175,0.152,0.013,0.015,0.019,0.011,0.012
"Dec 5, 2021",0.12,0.045,0.036,0.124,0.137,0.105,0.124,0.079,0.085,0.077,0.069,0.053
"Dec 10, 2021",,,,,,,,,,,,
"Dec 15, 2021",0.176,0.029,0.024,0.171,0.189,0.119,0.112,0.047,0.05,0.043,0.039,0.019
"Dec 20, 2021",,,,,,,,,,,,
"Dec 25, 2021",0.138,0.016,0.015,0.203,0.287,0.14,0.128,0.018,0.023,0.021,0.012,0.008
"Dec 30, 2021",0.137,0.053,0.046,0.15,0.191,0.111,0.105,0.052,0.054,0.049,0.051,0.015
"Jan 4, 2022",0.13,0.03,0.025,0.146,0.169,0.117,0.121,0.067,0.067,0.07,0.057,0.066
"Jan 9, 2022",0.114,0.055,0.049,0.121,0.154,0.115,0.127,0.068,0.069,0.066,0.062,0.182
"Jan 14, 2022",0.126,0.02,0.018,0.193,0.279,0.144,0.119,0.023,0.027,0.03,0.021,0.024
"Jan 19, 2022",0.142,0.015,0.015,0.178,0.277,0.147,0.128,0.024,0.026,0.029,0.019,0.007
"Jan 24, 2022",,,,,,,,,,,,
"Jan 29, 2022",0.109,0.03,0.027,0.129,0.194,0.134,0.136,0.061,0.061,0.068,0.052,0.048
"Feb 3, 2022",0.113,0.061,0.053,0.163,0.198,0.106,0.094,0.051,0.056,0.054,0.052,0.042
"Feb 8, 2022",,,,,,,,,,,,
"Feb 13, 2022",0.125,0.028,0.023,0.149,0.187,0.128,0.13,0.062,0.062,0.058,0.047,0.042
"Feb 18, 2022",,,,,,,,,,,,
"Feb 23, 2022",0.127,0.048,0.041,0.149,0.188,0.117,0.11,0.056,0.059,0.054,0.052,0.053
"Feb 28, 2022",,,,,,,,,,,,
"Mar 5, 2022",0.118,0.031,0.027,0.172,0.248,0.137,0.124,0.036,0.039,0.039,0.029,0.023
"Mar 10, 2022",,,,,,,,,,,,
"Mar 15, 2022",,,,,,,,,,,,
"Mar 20, 2022",0.101,0.05,0.044,0.112,0.175,0.14,0.138,0.059,0.061,0.066,0.054,0.049
"Mar 25, 2022",0.087,0.062,0.054,0.114,0.156,0.128,0.13,0.067,0.069,0.072,0.061,0.066
"Mar 30, 2022",0.086,0.074,0.064,0.086,0.111,0.106,0.122,0.087,0.093,0.08,0.09,0.099
"Apr 4, 2022",0.104,0.064,0.053,0.112,0.123,0.118,0.127,0.074,0.076,0.08,0.068,0.067
"Apr 9, 2022",0.089,0.064,0.057,0.101,0.133,0.115,0.125,0.08,0.08,0.086,0.072,0.064
"Apr 14, 2022",,,,,,,,,,,,
"Apr 19, 2022",0.093,0.07,0.061,0.101,0.125,0.108,0.11,0.082,0.082,0.089,0.079,0.077
"Apr 24, 2022",0.083,0.082,0.074,0.1,0.117,0.101,0.105,0.085,0.086,0.085,0.083,0.1
"Apr 29, 2022",,,,,,,,,,,,
"May 4, 2022",0.087,0.081,0.072,0.105,0.122,0.1,0.104,0.083,0.084,0.082,0.081,0.082
"May 9, 2022",0.091,0.068,0.057,0.104,0.128,0.111,0.129,0.079,0.08,0.082,0.071,0.077
"May 14, 2022",0.083,0.09,0.082,0.11,0.128,0.108,0.108,0.073,0.073,0.075,0.07,0.097
"May 19, 2022",0.102,0.08,0.073,0.111,0.117,0.099,0.1,0.081,0.079,0.081,0.078,0.135
"May 24, 2022",,,,,,,,,,,,
"May 29, 2022",0.088,0.083,0.072,0.096,0.108,0.099,0.103,0.089,0.089,0.087,0.086,0.082
"Jun 3, 2022",0.078,0.087,0.078,0.097,0.108,0.099,0.104,0.087,0.088,0.09,0.084,0.085
"Jun 8, 2022",,,,,,,,,,,,
"Jun 13, 2022",,,,,,,,,,,,
"Jun 18, 2022",,,,,,,,,,,,
"Jun 23, 2022",0.076,0.092,0.084,0.088,0.101,0.098,0.106,0.089,0.091,0.087,0.088,0.088
"Jun 28, 2022",0.085,0.088,0.077,0.095,0.105,0.097,0.103,0.089,0.089,0.085,0.087,0.08
"Jul 3, 2022",,,,,,,,,,,,
"Jul 8, 2022",0.083,0.082,0.074,0.098,0.116,0.1,0.11,0.086,0.086,0.083,0.082,0.087
"Jul 13, 2022",,,,,,,,,,,,
"Jul 18, 2022",0.086,0.082,0.072,0.1,0.116,0.1,0.108,0.086,0.085,0.083,0.082,0.082
"Jul 23, 2022",0.092,0.081,0.073,0.11,0.122,0.102,0.11,0.079,0.08,0.077,0.074,0.106
"Jul 28, 2022",0.108,0.078,0.071,0.106,0.15,0.1,0.107,0.071,0.072,0.067,0.07,0.089
"Aug 2, 2022",0.103,0.076,0.067,0.116,0.122,0.104,0.113,0.076,0.077,0.075,0.071,0.155
"Aug 7, 2022",0.092,0.08,0.072,0.098,0.114,0.098,0.11,0.086,0.086,0.082,0.082,0.111
"Aug 12, 2022",,,,,,,,,,,,
"Aug 17, 2022",0.101,0.071,0.062,0.106,0.13,0.106,0.122,0.079,0.079,0.075,0.069,0.061
"Aug 22, 2022",0.136,0.043,0.037,0.143,0.198,0.123,0.14,0.045,0.058,0.039,0.038,0.039
"Aug 27, 2022",,,,,,,,,,,,
"Sep 1, 2022",,,,,,,,,,,,
"Sep 6, 2022",0.11,0.07,0.062,0.104,0.129,0.103,0.117,0.076,0.078,0.077,0.074,0.227
"Sep 11, 2022",,,,,,,,,,,,
"Sep 16, 2022",0.115,0.062,0.055,0.103,0.121,0.112,0.133,0.078,0.08,0.075,0.067,0.064
"Sep 21, 2022",,,,,,,,,,,,
"Sep 26, 2022",0.133,0.059,0.053,0.116,0.137,0.11,0.116,0.071,0.071,0.069,0.065,0.054
"Oct 1, 2022",0.118,0.025,0.021,0.155,0.235,0.142,0.159,0.034,0.046,0.041,0.025,0.019
"Oct 6, 2022",0.156,0.03,0.026,0.164,0.231,0.12,0.111,0.04,0.042,0.044,0.036,0.03
"Oct 11, 2022",0.143,0.031,0.026,0.178,0.223,0.126,0.122,0.04,0.044,0.037,0.029,0.028
"Oct 16, 2022",0.151,0.031,0.028,0.156,0.206,0.119,0.122,0.05,0.051,0.046,0.04,0.056
"Oct 21, 2022",0.141,0.024,0.02,0.183,0.239,0.125,0.123,0.038,0.042,0.038,0.028,0.019
"Oct 26, 2022",0.154,0.02,0.019,0.184,0.264,0.13,0.125,0.025,0.029,0.031,0.02,0.015
"Oct 31, 2022",,,,,,,,,,,,
"Nov 5, 2022",,,,,,,,,,,,
"Nov 10, 2022",,,,,,,,,,,,
"Nov 15, 2022",0.085,0.068,0.072,0.09,0.116,0.103,0.11,0.081,0.094,0.09,0.093,0.132
"Nov 20, 2022",,,,,,,,,,,,
"Nov 25, 2022",,,,,,,,,,,,
"Nov 30, 2022",,,,,,,,,,,,
"Dec 5, 2022",0.157,0.018,0.017,0.189,0.277,0.129,0.114,0.027,0.029,0.022,0.021,0.006
"Dec 10, 2022",0.14,0.021,0.012,0.174,0.204,0.121,0.123,0.056,0.058,0.049,0.042,0.01
"Dec 15, 2022",0.15,0.023,0.022,0.189,0.25,0.128,0.105,0.031,0.033,0.039,0.03,0.014
"Dec 20, 2022",,,,,,,,,,,,
"Dec 25, 2022",0.123,0.016,0.014,0.153,0.226,0.131,0.139,0.051,0.052,0.055,0.04,0.037
"Dec 30, 2022",,,,,,,,,,,,
"Jan 4, 2023",0.116,0.046,0.044,0.141,0.164,0.113,0.12,0.065,0.063,0.071,0.056,0.241
"Jan 9, 2023",0.126,0.014,0.011,0.197,0.278,0.137,0.131,0.027,0.03,0.03,0.018,0.012
"Jan 14, 2023",0.13,0.025,0.023,0.159,0.221,0.13,0.127,0.047,0.048,0.052,0.039,0.03
"Jan 19, 2023",0.138,0.049,0.047,0.166,0.191,0.106,0.104,0.052,0.053,0.049,0.046,0.186
"Jan 24, 2023",0.108,0.029,0.029,0.14,0.21,0.131,0.133,0.056,0.058,0.057,0.049,0.041
"Jan 29, 2023",,,,,,,,,,,,
"Feb 3, 2023",0.111,0.031,0.028,0.137,0.202,0.137,0.137,0.056,0.057,0.057,0.046,0.027
"Feb 8, 2023",0.121,0.027,0.022,0.177,0.247,0.13,0.128,0.039,0.043,0.035,0.029,0.01
"Feb 13, 2023",0.119,0.014,0.016,0.16,0.297,0.171,0.15,0.016,0.02,0.024,0.013,0.009
"Feb 18, 2023",0.1,0.021,0.016,0.144,0.217,0.147,0.149,0.053,0.055,0.058,0.04,0.037
"Feb 23, 2023",0.114,0.063,0.053,0.126,0.154,0.108,0.108,0.069,0.069,0.067,0.068,0.074
"Feb 28, 2023",,,,,,,,,,,,
"Mar 5, 2023",0.125,0.025,0.023,0.152,0.239,0.148,0.137,0.038,0.04,0.041,0.03,0.027
"Mar 10, 2023",0.129,0.043,0.032,0.156,0.188,0.11,0.109,0.063,0.065,0.051,0.054,0.032
"Mar 15, 2023",0.12,0.031,0.028,0.153,0.243,0.142,0.127,0.038,0.04,0.044,0.034,0.029
"Mar 20, 2023",0.11,0.03,0.025,0.154,0.214,0.133,0.132,0.052,0.053,0.056,0.04,0.035
"Mar 25, 2023",,,,,,,,,,,,
"Mar 30, 2023",0.106,0.042,0.035,0.146,0.206,0.127,0.125,0.055,0.057,0.056,0.046,0.036
"Apr 4, 2023",0.117,0.065,0.057,0.128,0.151,0.102,0.102,0.072,0.071,0.069,0.067,0.072
"Apr 9, 2023",,,,,,,,,,,,
"Apr 14, 2023",0.108,0.057,0.05,0.133,0.179,0.112,0.11,0.063,0.063,0.065,0.058,0.052
"Apr 19, 2023",0.088,0.069,0.061,0.117,0.147,0.108,0.108,0.075,0.075,0.081,0.07,0.068
"Apr 24, 2023",,,,,,,,,,,,
"Apr 29, 2023",,,,,,,,,,,,
"May 4, 2023",0.095,0.078,0.07,0.105,0.121,0.103,0.104,0.082,0.081,0.084,0.079,0.092
"May 9, 2023",,,,,,,,,,,,
"May 14, 2023",0.082,0.083,0.074,0.098,0.119,0.102,0.108,0.084,0.084,0.085,0.081,0.081
"May 19, 2023",0.085,0.083,0.074,0.105,0.118,0.101,0.108,0.082,0.083,0.082,0.079,0.078
"May 24, 2023",,,,,,,,,,,,
"May 29, 2023",,,,,,,,,,,,
"Jun 3, 2023",,,,,,,,,,,,
"Jun 8, 2023",0.085,0.09,0.08,0.1,0.111,0.095,0.098,0.085,0.087,0.084,0.086,0.073
"Jun 13, 2023",0.087,0.083,0.075,0.1,0.115,0.098,0.104,0.086,0.086,0.083,0.083,0.084
"Jun 18, 2023",0.104,0.086,0.078,0.117,0.121,0.102,0.1,0.073,0.073,0.074,0.071,0.131
"Jun 23, 2023",0.083,0.089,0.079,0.094,0.107,0.096,0.102,0.088,0.089,0.085,0.088,0.086
"Jun 28, 2023",0.084,0.086,0.076,0.1,0.112,0.098,0.104,0.084,0.087,0.084,0.083,0.078
"Jul 3, 2023",0.092,0.083,0.074,0.103,0.115,0.096,0.099,0.085,0.085,0.083,0.084,0.088
"Jul 8, 2023",0.085,0.086,0.077,0.101,0.113,0.097,0.102,0.085,0.087,0.082,0.084,0.076
"Jul 13, 2023",,,,,,,,,,,,
"Jul 18, 2023",0.106,0.069,0.057,0.112,0.113,0.094,0.1,0.089,0.09,0.085,0.084,0.133
"Jul 23, 2023",,,,,,,,,,,,
"Jul 28, 2023",0.092,0.075,0.064,0.109,0.135,0.109,0.123,0.074,0.08,0.071,0.069,0.069
"Aug 2, 2023",0.111,0.067,0.06,0.117,0.145,0.107,0.11,0.073,0.072,0.073,0.067,0.077
"Aug 7, 2023",0.088,0.082,0.072,0.105,0.119,0.1,0.108,0.082,0.085,0.081,0.078,0.073
"Aug 12, 2023",0.096,0.074,0.064,0.113,0.136,0.104,0.112,0.077,0.077,0.075,0.071,0.071
"Aug 17, 2023",0.103,0.068,0.058,0.128,0.151,0.105,0.108,0.07,0.073,0.071,0.066,0.064
"Aug 22, 2023",0.102,0.061,0.048,0.112,0.153,0.113,0.131,0.07,0.076,0.068,0.066,0.07
"Aug 27, 2023",0.133,0.049,0.042,0.143,0.155,0.109,0.117,0.066,0.068,0.059,0.057,0.138
"Sep 1, 2023",,,,,,,,,,,,
"Sep 6, 2023",0.118,0.041,0.032,0.133,0.163,0.118,0.149,0.064,0.073,0.06,0.049,0.072
"Sep 11, 2023",0.126,0.053,0.048,0.139,0.181,0.108,0.109,0.061,0.061,0.06,0.055,0.048
"Sep 16, 2023",0.124,0.051,0.043,0.146,0.171,0.107,0.115,0.065,0.068,0.057,0.055,0.055
"Sep 26, 2023",,,,,,,,,,,,
"Oct 1, 2023",0.134,0.044,0.039,0.146,0.186,0.114,0.115,0.058,0.059,0.054,0.05,0.026
"Oct 6, 2023",,,,,,,,,,,,
"Oct 11, 2023",,,,,,,,,,,,
"Oct 16, 2023",0.105,0.045,0.041,0.145,0.187,0.12,0.125,0.059,0.062,0.063,0.05,0.045
"Oct 21, 2023",0.14,0.025,0.024,0.169,0.247,0.128,0.125,0.033,0.037,0.041,0.029,0.021
"Oct 26, 2023",0.125,0.04,0.033,0.188,0.264,0.117,0.102,0.032,0.037,0.033,0.03,0.018
"Oct 31, 2023",0.133,0.036,0.031,0.15,0.192,0.121,0.123,0.057,0.059,0.053,0.047,0.024
"Nov 5, 2023",0.148,0.013,0.011,0.213,0.289,0.131,0.116,0.019,0.024,0.022,0.013,0.01
"Nov 10, 2023",0.173,0.034,0.035,0.204,0.277,0.115,0.088,0.015,0.019,0.021,0.019,0.028
"Nov 15, 2023",,,,,,,,,,,,
"Nov 20, 2023",0.082,0.028,0.021,0.087,0.127,0.132,0.154,0.099,0.096,0.107,0.067,0.139
"Nov 25, 2023",0.151,0.01,0.009,0.217,0.287,0.134,0.115,0.02,0.023,0.021,0.013,0.007
"Nov 30, 2023",0.141,0.042,0.041,0.15,0.18,0.115,0.11,0.056,0.056,0.059,0.051,0.068
"Dec 5, 2023",0.092,0.054,0.05,0.11,0.136,0.116,0.123,0.079,0.082,0.084,0.075,0.117
"Dec 10, 2023",,,,,,,,,,,,
"Dec 15, 2023",,,,,,,,,,,,
"Dec 20, 2023",,,,,,,,,,,,
"Dec 25, 2023",,,,,,,,,,,,
"Dec 30, 2023",0.107,0.023,0.023,0.123,0.215,0.159,0.165,0.046,0.048,0.053,0.037,0.03
"Jan 4, 2024",0.112,0.017,0.015,0.171,0.264,0.176,0.152,0.02,0.025,0.031,0.016,0.009
"Jan 9, 2024",,,,,,,,,,,,
"Jan 14, 2024",0.099,0.013,0.011,0.157,0.248,0.171,0.163,0.033,0.038,0.042,0.025,0.027
"Jan 19, 2024",0.123,0.054,0.053,0.113,0.127,0.113,0.113,0.076,0.075,0.08,0.072,0.138
"Jan 24, 2024",,,,,,,,,,,,
"Jan 29, 2024",0.103,0.02,0.02,0.125,0.23,0.164,0.162,0.043,0.046,0.052,0.035,0.033
"Feb 3, 2024",0.128,0.019,0.015,0.156,0.225,0.159,0.146,0.043,0.044,0.037,0.027,0.016
"Feb 8, 2024",0.116,0.029,0.027,0.137,0.22,0.152,0.144,0.045,0.046,0.048,0.036,0.024
"Feb 18, 2024",,,,,,,,,,,,
"Feb 23, 2024",0.119,0.049,0.041,0.15,0.195,0.123,0.115,0.053,0.055,0.052,0.049,0.032
"Feb 28, 2024",,,,,,,,,,,,
"Mar 4, 2024",,,,,,,,,,,,
"Mar 9, 2024",,,,,,,,,,,,
"Mar 14, 2024",0.096,0.062,0.055,0.127,0.173,0.121,0.114,0.062,0.065,0.063,0.061,0.147
"Mar 19, 2024",0.104,0.028,0.025,0.136,0.223,0.156,0.145,0.047,0.048,0.052,0.036,0.032
"Mar 24, 2024",0.098,0.036,0.03,0.136,0.206,0.153,0.145,0.051,0.054,0.052,0.04,0.038
"Mar 29, 2024",0.105,0.035,0.032,0.129,0.223,0.156,0.142,0.045,0.046,0.05,0.037,0.033
"Apr 3, 2024",,,,,,,,,,,,
"Apr 8, 2024",0.117,0.072,0.067,0.118,0.127,0.103,0.1,0.076,0.074,0.073,0.073,0.15
"Apr 13, 2024",0.093,0.051,0.044,0.132,0.185,0.134,0.126,0.059,0.06,0.064,0.051,0.048
"Apr 18, 2024",,,,,,,,,,,,
"Apr 23, 2024",0.079,0.075,0.066,0.103,0.129,0.114,0.113,0.08,0.08,0.085,0.075,0.067
"Apr 28, 2024",0.088,0.079,0.069,0.102,0.125,0.106,0.106,0.082,0.082,0.082,0.08,0.073
"May 3, 2024",,,,,,,,,,,,
"May 8, 2024",0.09,0.083,0.074,0.103,0.122,0.099,0.1,0.083,0.083,0.081,0.082,0.079
"May 13, 2024",,,,,,,,,,,,
"May 18, 2024",,,,,,,,,,,,
"May 23, 2024",0.081,0.088,0.079,0.096,0.111,0.099,0.102,0.086,0.088,0.084,0.086,0.078
"May 28, 2024",0.083,0.085,0.076,0.095,0.111,0.098,0.103,0.087,0.087,0.087,0.086,0.082
"Jun 2, 2024",,,,,,,,,,,,
"Jun 7, 2024",0.083,0.087,0.078,0.095,0.108,0.097,0.102,0.089,0.088,0.087,0.087,0.088
"Jun 12, 2024",0.083,0.087,0.076,0.095,0.107,0.098,0.104,0.088,0.09,0.084,0.088,0.082
"Jun 17, 2024",,,,,,,,,,,,
"Jun 22, 2024",0.085,0.087,0.079,0.098,0.11,0.097,0.101,0.087,0.088,0.082,0.086,0.076
"Jun 27, 2024",,,,,,,,,,,,
"Jul 2, 2024",,,,,,,,,,,,
"Jul 7, 2024",0.107,0.075,0.07,0.106,0.109,0.094,0.102,0.086,0.085,0.081,0.083,0.403
"Jul 12, 2024",0.081,0.088,0.079,0.097,0.11,0.097,0.102,0.087,0.089,0.085,0.086,0.071
"Jul 17, 2024",,,,,,,,,,,,
"Jul 22, 2024",0.115,0.069,0.061,0.138,0.179,0.099,0.102,0.06,0.065,0.057,0.057,0.067
"Jul 27, 2024",,,,,,,,,,,,
"Aug 1, 2024",,,,,,,,,,,,
"Aug 6, 2024",0.089,0.081,0.072,0.097,0.114,0.098,0.106,0.087,0.087,0.083,0.084,0.102
"Aug 11, 2024",0.109,0.064,0.056,0.121,0.137,0.104,0.115,0.076,0.08,0.07,0.067,0.084
"Aug 16, 2024",0.096,0.073,0.063,0.114,0.136,0.102,0.106,0.079,0.078,0.08,0.074,0.063
"Aug 21, 2024",0.158,0.024,0.019,0.186,0.242,0.119,0.118,0.035,0.042,0.032,0.026,0.027
"Aug 26, 2024",0.118,0.056,0.05,0.131,0.163,0.109,0.117,0.067,0.068,0.064,0.058,0.055
"Aug 31, 2024",,,,,,,,,,,,
"Sep 5, 2024",,,,,,,,,,,,
"Sep 10, 2024",,,,,,,,,,,,
"Sep 15, 2024",,,,,,,,,,,,
"Sep 20, 2024",0.15,0.035,0.029,0.154,0.177,0.124,0.13,0.053,0.059,0.047,0.041,0.022
"Sep 25, 2024",,,,,,,,,,,,
"Sep 30, 2024",0.206,0.04,0.035,0.173,0.129,0.118,0.141,0.04,0.056,0.034,0.029,0.02
"Oct 5, 2024",,,,,,,,,,,,
"Oct 10, 2024",0.093,0.055,0.048,0.107,0.115,0.121,0.142,0.08,0.086,0.086,0.068,0.055
"Oct 15, 2024",0.166,0.037,0.03,0.136,0.13,0.104,0.109,0.078,0.076,0.068,0.066,0.047
"Oct 20, 2024",0.107,0.038,0.034,0.131,0.187,0.137,0.157,0.05,0.059,0.058,0.042,0.016
"Oct 25, 2024",0.161,0.028,0.027,0.144,0.218,0.131,0.135,0.042,0.045,0.037,0.03,0.015
"Oct 30, 2024",0.108,0.05,0.035,0.112,0.149,0.124,0.162,0.064,0.074,0.065,0.058,0.171
"Nov 4, 2024",0.137,0.034,0.032,0.154,0.237,0.13,0.132,0.037,0.041,0.037,0.03,0.012
"Nov 9, 2024",,,,,,,,,,,,
"Nov 14, 2024",,,,,,,,,,,,
"Nov 19, 2024",,,,,,,,,,,,
"Nov 24, 2024",0.155,0.014,0.015,0.173,0.286,0.142,0.137,0.017,0.021,0.025,0.014,0.008
"Nov 29, 2024",,,,,,,,,,,,
"Dec 4, 2024",0.135,0.015,0.014,0.155,0.234,0.136,0.142,0.043,0.046,0.049,0.031,0.028
"Dec 9, 2024",,,,,,,,,,,,
"Dec 14, 2024",0.131,0.043,0.039,0.141,0.178,0.115,0.118,0.061,0.061,0.06,0.053,0.13
"Dec 19, 2024",0.125,0.026,0.022,0.171,0.218,0.127,0.126,0.05,0.052,0.046,0.037,0.023
"Dec 24, 2024",0.144,0.015,0.014,0.178,0.261,0.14,0.127,0.032,0.033,0.033,0.023,0.011
"Dec 29, 2024",0.13,0.025,0.02,0.197,0.261,0.125,0.114,0.032,0.036,0.033,0.027,0.017
"Jan 3, 2025",0.141,0.015,0.013,0.169,0.245,0.137,0.131,0.038,0.04,0.041,0.029,0.021
"Jan 8, 2025",0.131,0.015,0.012,0.192,0.265,0.137,0.123,0.032,0.034,0.035,0.023,0.013
"Jan 13, 2025",,,,,,,,,,,,
"Jan 18, 2025",,,,,,,,,,,,
"Jan 23, 2025",0.065,0.045,0.079,0.103,0.368,0.148,0.122,0.018,0.02,0.019,0.013,0.024
"Jan 28, 2025",0.12,0.051,0.047,0.139,0.159,0.111,0.109,0.067,0.067,0.069,0.061,0.119
"Feb 2, 2025",0.133,0.019,0.014,0.175,0.277,0.143,0.122,0.032,0.032,0.031,0.022,0.016
"Feb 7, 2025",,,,,,,,,,,,
"Feb 12, 2025",0.141,0.039,0.031,0.169,0.222,0.121,0.107,0.044,0.044,0.043,0.038,0.039
"Feb 17, 2025",0.126,0.015,0.013,0.191,0.273,0.145,0.125,0.028,0.032,0.032,0.02,0.012
"Feb 22, 2025",0.088,0.061,0.043,0.087,0.099,0.092,0.128,0.093,0.097,0.119,0.091,0.16
"Feb 27, 2025",0.114,0.04,0.038,0.147,0.208,0.13,0.124,0.051,0.054,0.049,0.046,0.099
"Mar 4, 2025",0.085,0.072,0.063,0.125,0.197,0.118,0.101,0.059,0.058,0.063,0.059,0.072
"Mar 9, 2025",,,,,,,,,,,,
"Mar 14, 2025",0.101,0.068,0.055,0.109,0.137,0.11,0.114,0.077,0.078,0.078,0.074,0.107
"Mar 19, 2025",0.085,0.053,0.047,0.135,0.203,0.134,0.121,0.054,0.056,0.062,0.051,0.047
"Mar 24, 2025",,,,,,,,,,,,
"Mar 26, 2025",0.112,0.026,0.025,0.135,0.239,0.157,0.154,0.04,0.043,0.04,0.031,0.023
"Mar 29, 2025",,,,,,,,,,,,
"Apr 3, 2025",,,,,,,,,,,,
"Apr 8, 2025",0.095,0.056,0.049,0.125,0.161,0.118,0.12,0.07,0.071,0.073,0.062,0.063
"Apr 13, 2025",0.099,0.051,0.041,0.13,0.207,0.13,0.122,0.055,0.055,0.061,0.048,0.047
"Apr 15, 2025",0.116,0.062,0.056,0.117,0.14,0.11,0.117,0.072,0.073,0.068,0.069,0.181
"Apr 18, 2025",0.088,0.075,0.068,0.112,0.135,0.103,0.103,0.079,0.08,0.081,0.077,0.079
"Apr 23, 2025",0.117,0.072,0.065,0.143,0.211,0.128,0.117,0.036,0.036,0.041,0.034,0.129
"Apr 28, 2025",0.098,0.065,0.057,0.13,0.165,0.106,0.106,0.068,0.07,0.07,0.065,0.071
"May 3, 2025",,,,,,,,,,,,
"May 5, 2025",0.088,0.076,0.068,0.105,0.127,0.103,0.106,0.082,0.082,0.084,0.079,0.072
"May 8, 2025",0.102,0.066,0.058,0.125,0.148,0.104,0.11,0.073,0.075,0.072,0.068,0.077
"May 13, 2025",0.089,0.081,0.069,0.109,0.128,0.101,0.101,0.082,0.079,0.084,0.077,0.078
"May 18, 2025",,,,,,,,,,,,
"May 23, 2025",0.082,0.081,0.07,0.099,0.116,0.101,0.107,0.087,0.085,0.09,0.081,0.088
"May 25, 2025",0.085,0.082,0.074,0.1,0.117,0.1,0.106,0.085,0.085,0.083,0.082,0.083
"May 28, 2025",0.087,0.082,0.073,0.108,0.117,0.097,0.099,0.084,0.085,0.085,0.082,0.103
"Jun 2, 2025",,,,,,,,,,,,
"Jun 7, 2025",0.094,0.083,0.075,0.111,0.12,0.1,0.103,0.08,0.08,0.077,0.078,0.118
"Jun 12, 2025",0.1,0.083,0.073,0.108,0.116,0.099,0.099,0.084,0.08,0.078,0.08,0.137
"Jun 14, 2025",,,,,,,,,,,,
"Jun 17, 2025",0.09,0.084,0.078,0.103,0.115,0.096,0.099,0.085,0.086,0.08,0.084,0.09
"Jun 22, 2025",0.088,0.085,0.073,0.099,0.121,0.099,0.105,0.084,0.083,0.081,0.081,0.085
"Jun 27, 2025",,,,,,,,,,,,
"Jul 2, 2025",,,,,,,,,,,,
"Jul 4, 2025",,,,,,,,,,,,
"Jul 7, 2025",0.082,0.09,0.081,0.099,0.111,0.096,0.102,0.085,0.087,0.083,0.085,0.079
"Jul 12, 2025",0.083,0.088,0.076,0.097,0.113,0.098,0.101,0.088,0.086,0.084,0.086,0.077
"Jul 17, 2025",,,,,,,,,,,,
"Jul 22, 2025",0.105,0.082,0.072,0.114,0.121,0.101,0.101,0.079,0.075,0.075,0.075,0.174
"Jul 24, 2025",,,,,,,,,,,,
"Jul 27, 2025",0.087,0.082,0.073,0.104,0.122,0.1,0.106,0.082,0.085,0.078,0.08,0.078
"Aug 1, 2025",0.096,0.076,0.064,0.109,0.126,0.102,0.11,0.083,0.081,0.079,0.075,0.077
"Aug 6, 2025",,,,,,,,,,,,
"Aug 11, 2025",,,,,,,,,,,,
"Aug 13, 2025",,,,,,,,,,,,
"Aug 16, 2025",0.106,0.056,0.048,0.127,0.157,0.113,0.124,0.069,0.074,0.066,0.059,0.052
"Aug 21, 2025",0.131,0.057,0.046,0.131,0.159,0.102,0.102,0.074,0.071,0.064,0.063,0.066
"Aug 26, 2025",0.096,0.066,0.058,0.118,0.146,0.11,0.117,0.073,0.076,0.074,0.067,0.076
"Aug 31, 2025",0.094,0.043,0.036,0.117,0.165,0.13,0.164,0.067,0.073,0.064,0.047,0.06
"Sep 2, 2025",0.113,0.054,0.048,0.124,0.165,0.116,0.122,0.067,0.068,0.066,0.058,0.046
"Sep 5, 2025",0.118,0.053,0.046,0.149,0.187,0.11,0.111,0.057,0.061,0.057,0.051,0.057
"Sep 10, 2025",0.115,0.066,0.055,0.127,0.161,0.112,0.11,0.066,0.065,0.065,0.059,0.08
"Sep 15, 2025",0.156,0.023,0.018,0.187,0.231,0.118,0.118,0.039,0.045,0.036,0.029,0.016
"Sep 20, 2025",0.172,0.025,0.017,0.181,0.236,0.11,0.1,0.046,0.043,0.037,0.033,0.025
"Sep 22, 2025",0.153,0.036,0.031,0.163,0.204,0.11,0.107,0.053,0.053,0.047,0.044,0.027
"Sep 25, 2025",,,,,,,,,,,,
"Sep 30, 2025",,,,,,,,,,,,
"Oct 5, 2025",,,,,,,,,,,,
"Oct 10, 2025",0.12,0.047,0.038,0.135,0.178,0.114,0.12,0.065,0.066,0.063,0.052,0.041
"Oct 12, 2025",,,,,,,,,,,,
"Oct 15, 2025",0.165,0.017,0.015,0.204,0.249,0.117,0.11,0.032,0.036,0.031,0.024,0.013
"Oct 20, 2025",0.167,0.03,0.023,0.189,0.246,0.114,0.096,0.034,0.034,0.038,0.03,0.019
"Oct 25, 2025",0.149,0.023,0.02,0.197,0.247,0.121,0.116,0.031,0.037,0.034,0.025,0.012
"Oct 30, 2025",,,,,,,,,,,,
"Nov 1, 2025",0.178,0.014,0.014,0.198,0.274,0.123,0.112,0.022,0.024,0.026,0.015,0.009
"Nov 4, 2025",0.157,0.012,0.011,0.218,0.289,0.129,0.119,0.014,0.021,0.02,0.01,0.011
"Nov 9, 2025",0.16,0.032,0.025,0.174,0.228,0.115,0.113,0.04,0.041,0.039,0.032,0.014
"Nov 14, 2025",0.161,0.015,0.012,0.208,0.26,0.122,0.113,0.029,0.033,0.026,0.019,0.007
"Nov 19, 2025",0.164,0.022,0.017,0.189,0.264,0.126,0.113,0.029,0.029,0.027,0.02,0.009
"Nov 21, 2025",0.135,0.064,0.066,0.136,0.15,0.104,0.098,0.064,0.063,0.06,0.06,0.048
"Nov 24, 2025",,,,,,,,,,,,
"Nov 29, 2025",0.164,0.024,0.02,0.192,0.265,0.125,0.106,0.027,0.027,0.029,0.022,0.008
"Dec 4, 2025",,,,,,,,,,,,
"Dec 9, 2025",0.143,0.019,0.015,0.168,0.246,0.131,0.126,0.038,0.039,0.043,0.03,0.027
"Dec 11, 2025",0.149,0.009,0.01,0.185,0.278,0.138,0.13,0.025,0.027,0.03,0.018,0.017
"Dec 14, 2025",,,,,,,,,,,,
"Dec 19, 2025",0.147,0.017,0.013,0.189,0.28,0.133,0.114,0.026,0.027,0.033,0.021,0.015
"Dec 24, 2025",0.13,0.04,0.04,0.154,0.186,0.115,0.117,0.058,0.059,0.054,0.048,0.038
"Dec 29, 2025",0.115,0.041,0.037,0.132,0.171,0.125,0.13,0.066,0.067,0.065,0.052,0.143
"Dec 31, 2025",0.132,0.011,0.011,0.175,0.274,0.146,0.134,0.029,0.031,0.035,0.021,0.025
"Jan 3, 2026",,,,,,,,,,,,
"Jan 8, 2026",,,,,,,,,,,,
"Jan 13, 2026",0.066,0.036,0.026,0.073,0.094,0.091,0.123,0.122,0.124,0.129,0.118,0.103
"Jan 18, 2026",0.13,0.025,0.019,0.157,0.215,0.128,0.122,0.053,0.053,0.057,0.041,0.043
"Jan 23, 2026",,,,,,,,,,,,
"Jan 28, 2026",0.15,0.017,0.013,0.175,0.251,0.136,0.116,0.037,0.036,0.04,0.028,0.027
"Feb 2, 2026",0.13,0.014,0.01,0.165,0.221,0.134,0.129,0.051,0.053,0.054,0.04,0.043
"Feb 7, 2026",0.157,0.015,0.011,0.204,0.293,0.138,0.104,0.019,0.02,0.024,0.015,0.01
"Feb 12, 2026",0.153,0.014,0.012,0.197,0.261,0.133,0.113,0.033,0.034,0.028,0.023,0.007
"Feb 17, 2026",,,,,,,,,,,,
"Feb 22, 2026",0.124,0.039,0.035,0.157,0.198,0.128,0.112,0.053,0.054,0.056,0.045,0.037
"Feb 27, 2026",,,,,,,,,,,,
"Mar 4, 2026",0.146,0.023,0.02,0.204,0.261,0.129,0.109,0.028,0.031,0.029,0.022,0.017
"Mar 9, 2026",0.14,0.03,0.023,0.192,0.287,0.126,0.093,0.028,0.028,0.028,0.025,0.011
"Mar 14, 2026",0.139,0.024,0.02,0.191,0.254,0.13,0.114,0.033,0.036,0.032,0.026,0.031
"Mar 19, 2026",0.139,0.031,0.025,0.171,0.229,0.126,0.108,0.045,0.044,0.045,0.036,0.03
"Mar 24, 2026",,,,,,,,,,,,
"Mar 29, 2026",,,,,,,,,,,,
"Mar 31, 2026",0.119,0.052,0.046,0.15,0.19,0.114,0.107,0.057,0.057,0.056,0.052,0.045
"Apr 3, 2026",0.107,0.049,0.039,0.137,0.176,0.121,0.135,0.058,0.063,0.06,0.055,0.098
"Apr 8, 2026",,,,,,,,,,,,
"Apr 13, 2026",0.102,0.063,0.057,0.132,0.158,0.108,0.105,0.069,0.07,0.071,0.065,0.065
